INSERT ignore INTO Veiculo (placa, modelo, marca, tipo, diaria)
VALUES
  ('DEA-7981', 'Uno', 'Fiat', 'standart', 100.00),
  ('CBC-4945', 'Fiorino', 'Fiat', 'utilitario', 120.00),
  ('BEE-7735', 'Saveiro', 'VW', 'standart', 100.00),
  ('CBA-4403', 'Sandeiro', 'Renaut', 'standart', 100.00),
  ('BBC-8504', 'Palio', 'Fiat', 'standart', 100.00),
  ('BEB-5885', 'Gol', 'VW', 'standart', 100.00),
  ('EDB-2475', 'Ranger', 'Ford', 'esportivo', 200.00),
  ('CBC-4901', 'Fiorino', 'Fiat', 'utilitario', 120.00);


INSERT ignore INTO Cliente (cpf_cliente, nome_cliente, telefone)
VALUES
  ('111.111.111-11', 'Osvaldo Oliveira', '19-72077-0521,19-06078-6843'),
  ('222.222.222-22', 'Jaqueline Teixeira', '19-23003-4864'),
  ('333.333.333-33', 'Keli Matos', '19-06486-6449,19-53266-7923'),
  ('444.444.444-44', 'Ursula Souza', '19-64378-2404'),
  ('555.555.555-55', 'Evandro Silva', '19-53315-2734');


INSERT INTO Aluguel (placa, cpf_cliente, reserva, retirada, devolucao, status, subtotal)
VALUES
  ('DEA-7981', '111.111.111-11', '25/1/2024', '25/1/2024', '4/2/2024', 'concluido', 1000.00),
  ('CBC-4945', '222.222.222-22', '13/3/2024', '13/3/2024', '21/3/2024', 'concluido', 960.00),
  ('BEE-7735', '333.333.333-33', '29/3/2024', '29/3/2024', '5/4/2024', 'concluido', 700.00),
  ('CBA-4403', '444.444.444-44', '14/3/2024', '14/3/2024', '24/3/2024', 'concluido', 1000.00),
  ('BBC-8504', '444.444.444-44', '29/2/2024', '29/2/2024', '7/3/2024', 'concluido', 700.00),
  ('BEB-5885', '111.111.111-11', '16/2/2024', '16/2/2024', '25/3/2024', 'concluido', 3800.00),
  ('EDB-2475', '111.111.111-11', '5/2/2024', '5/2/2024', '10/3/2024', 'concluido', 6800.00),
  ('CBC-4901', '444.444.444-44', '25/2/2024', '25/2/2024', '2/3/2024', 'concluido', 720.00),
  ('CBA-4403', '555.555.555-55', '23/2/2024', '24/2/2024', '30/3/2024', 'concluido', 3500.00),
  ('BBC-8504', '333.333.333-33', '27/2/2024', '27/2/2024', '3/3/2024', 'concluido', 500.00),
  ('BEE-7735', '222.222.222-22', '29/2/2024', '29/2/2024', '3/3/2024', 'concluido', 300.00),
  ('CBC-4945', '444.444.444-44', '14/3/2024', '14/3/2024', NULL, 'alugado', 2280.00),
  ('DEA-7981', '555.555.555-55', '16/3/2024', '17/3/2024', NULL, 'alugado', 1600.00),
  ('EDB-2475', '555.555.555-55', '25/3/2024', '25/3/2024', NULL, 'alugado', 1600.00),
  ('CBA-4403', '222.222.222-22', '28/3/2024', '28/3/2024', NULL, 'alugado', 500.00),
  ('BEB-5885', '222.222.222-22', '23/3/2024', '23/3/2024', NULL, 'alugado', 1000.00),
  ('BBC-8504', '222.222.222-22', '1/5/2024', NULL, NULL, 'reservado', NULL),
  ('DEA-7981', '111.111.111-11', '10/5/2024', NULL, NULL, 'reservado', NULL),
  ('CBC-4945', '222.222.222-22', '19/5/2024', NULL, NULL, 'reservado', NULL);
